{
    "nodes": [
        {
            "id": 0, 
            "name": "N1", 
            "image": "https://nrdstudio.cn/res/n.jpg"
        }, 
        {
            "id": 1, 
            "name": "N2", 
            "image": "https://nrdstudio.cn/res/n.jpg"
        },
        {
            "id": 2, 
            "name": "N3", 
            "image": "https://nrdstudio.cn/res/n.jpg"
        }
    ], 
    "links": [
        {
            "source": 0, 
            "target": 1, 
            "relation": "V1"
        },
        {
            "source": 0, 
            "target": 2, 
            "relation": "V2"
        }
    ]
}